questionnaire_id,school_id,type_id,year,total_graduates,questionnaire_completed,percent_answered,female_count,male_count
QAQV_2014_Qu,1,1,2014,48,48,1.0,17,31
QAQV_2015_Qu,1,1,2015,52,52,1.0,19,33
QAQV_2016_Qu,1,1,2016,68,64,0.941176470588235,35,29
QAQV_2017_Qu,1,1,2017,52,51,0.980769230769231,24,27
QAQV_2018_Qu,1,1,2018,56,56,1.0,29,27
QAQV_2019_Qu,1,1,2019,47,47,1.0,22,25
QCSCLF_2004_Qu,2,1,2004,64,64,1.0,33,31
QCSCLF_2005_Qu,2,1,2005,64,64,1.0,33,31
QCSCLF_2006_Qu,2,1,2006,53,53,1.0,24,29
QCSCLF_2007_Qu,2,1,2007,54,54,1.0,21,33
QCSCLF_2008_Qu,2,1,2008,46,46,1.0,27,19
QCSCLF_2010_Qu,2,1,2010,43,42,0.976744186046512,23,19
QCSCLF_2011_Qu,2,1,2011,42,38,0.904761904761905,19,19
QCSCLF_2012_Qu,2,1,2012,33,33,1.0,16,17
QCSCLF_2014_Qu,2,1,2014,34,34,1.0,19,15
QCSCLF_2015_Qu,2,1,2015,37,37,1.0,20,17
QCSCLF_2016_Qu,2,1,2016,43,42,0.976744186046512,18,24
QCSCLF_2017_Qu,2,1,2017,65,65,1.0,32,33
QCSCLF_2018_Qu,2,1,2018,37,37,1.0,17,20
QCSCLF_2019_Qu,2,1,2019,38,37,0.973684210526316,20,17
QESN_2014_Qu,3,1,2014,219,208,0.949771689497717,111,97
QESN_2015_Qu,3,1,2015,215,215,1.0,107,108
QESN_2016_Qu,3,1,2016,223,223,1.0,113,110
QESN_2017_Qu,3,1,2017,211,206,0.976303317535545,106,100
QESN_2018_Qu,3,1,2018,211,196,0.928909952606635,96,100
QESN_2019_Qu,3,1,2019,201,201,1.0,94,107
QPLM_2004_Qu,4,1,2004,168,164,0.976190476190476,96,68
QPLM_2005_Qu,4,1,2005,146,140,0.958904109589041,75,65
QPLM_2006_Qu,4,1,2006,151,149,0.986754966887417,79,70
QPLM_2007_Qu,4,1,2007,151,151,1.0,79,72
QPLM_2008_Qu,4,1,2008,148,148,1.0,85,63
QPLM_2010_Qu,4,1,2010,143,142,0.993006993006993,68,74
QPLM_2011_Qu,4,1,2011,110,107,0.972727272727273,64,43
QPLM_2012_Qu,4,1,2012,127,126,0.992125984251969,63,63
QPLM_2013_Qu,4,1,2013,132,132,1.0,64,68
QPLM_2014_Qu,4,1,2014,128,127,0.9921875,61,66
QPLM_2015_Qu,4,1,2015,130,126,0.969230769230769,63,63
QPLM_2016_Qu,4,1,2016,127,117,0.921259842519685,47,70
QPLM_2017_Qu,4,1,2017,122,121,0.991803278688525,62,59
QPLM_2018_Qu,4,1,2018,106,101,0.952830188679245,47,54
QPLM_2019_Qu,4,1,2019,101,101,1.0,55,46
QPME_2004_Qu,5,1,2004,156,154,0.987179487179487,86,68
QPME_2005_Qu,5,1,2005,168,150,0.892857142857143,80,70
QPME_2006_Qu,5,1,2006,172,171,0.994186046511628,77,94
QPME_2007_Qu,5,1,2007,130,127,0.976923076923077,65,62
QPME_2008_Qu,5,1,2008,145,135,0.931034482758621,85,50
QPME_2010_Qu,5,1,2010,141,134,0.950354609929078,65,69
QPME_2011_Qu,5,1,2011,136,129,0.948529411764706,71,58
QPME_2012_Qu,5,1,2012,145,136,0.937931034482759,74,62
QPME_2013_Qu,5,1,2013,119,119,1.0,57,62
QPME_2014_Qu,5,1,2014,100,87,0.87,42,45
QPME_2015_Qu,5,1,2015,89,89,1.0,41,48
QPME_2016_Qu,5,1,2016,104,101,0.971153846153846,48,53
QPME_2017_Qu,5,1,2017,95,95,1.0,51,44
QPME_2018_Qu,5,1,2018,106,99,0.933962264150943,39,60
QPME_2019_Qu,5,1,2019,101,99,0.98019801980198,47,52
QPRP_2014_Qu,6,1,2014,60,56,0.933333333333333,24,32
QPRP_2015_Qu,6,1,2015,80,80,1.0,35,45
QPRP_2016_Qu,6,1,2016,73,73,1.0,31,42
QPRP_2017_Qu,6,1,2017,67,66,0.985074626865672,34,32
QPRP_2018_Qu,6,1,2018,55,55,1.0,28,27
QPRP_2019_Qu,6,1,2019,61,58,0.950819672131147,29,29
QWAL_2004_Qu,7,1,2004,192,190,0.989583333333333,96,94
QWAL_2005_Qu,7,1,2005,235,231,0.982978723404255,115,116
QWAL_2006_Qu,7,1,2006,200,193,0.965,98,95
QWAL_2007_Qu,7,1,2007,186,186,1.0,108,78
QWAL_2008_Qu,7,1,2008,190,185,0.973684210526316,96,89
QWAL_2010_Qu,7,1,2010,181,181,1.0,84,97
QWAL_2011_Qu,7,1,2011,176,176,1.0,90,86
QWAL_2012_Qu,7,1,2012,179,179,1.0,80,99
QWAL_2013_Qu,7,1,2013,198,195,0.984848484848485,105,93
QWAL_2014_Qu,7,1,2014,163,163,1.0,66,97
QWAL_2015_Qu,7,1,2015,228,226,0.991228070175439,114,112
QWAL_2016_Qu,7,1,2016,203,203,1.0,84,119
QWAL_2017_Qu,7,1,2017,176,176,1.0,93,82
QWAL_2018_Qu,7,1,2018,191,190,0.994764397905759,83,104
QWAL_2019_Qu,7,1,2019,163,156,0.957055214723926,74,82
QAQV_2007_SD,1,2,2007,89,89,1.0,47,42
QAQV_2007_ED,1,3,2007,89,88,0.98876404494382,46,42
QAQV_2007_MT,1,4,2007,89,75,0.842696629213483,37,38
QAQV_2007_RE,1,5,2007,89,6,0.0674157303370786,3,3
QAQV_2009_SD,1,2,2009,197,75,0.380710659898477,36,39
QAQV_2009_ED,1,3,2009,197,56,0.284263959390863,27,28
QAQV_2009_MT,1,4,2009,197,61,0.309644670050761,26,35
QAQV_2009_RE,1,5,2009,197,2,0.0101522842639594,1,1
QAQV_2010_SD,1,2,2010,83,72,0.867469879518072,40,32
QAQV_2010_ED,1,3,2010,83,61,0.734939759036145,34,27
QAQV_2010_MT,1,4,2010,83,63,0.759036144578313,33,30
QAQV_2010_RE,1,5,2010,83,2,0.0240963855421687,2,0
QAQV_2011_SD,1,2,2011,84,79,0.94047619047619,36,43
QAQV_2011_ED,1,3,2011,84,64,0.761904761904762,32,32
QAQV_2011_MT,1,4,2011,84,69,0.821428571428571,31,38
QAQV_2011_RE,1,5,2011,84,0,0.0,0,0
QAQV_2012_SD,1,2,2012,81,65,0.802469135802469,34,31
QAQV_2012_ED,1,3,2012,81,56,0.691358024691358,28,28
QAQV_2012_MT,1,4,2012,81,53,0.654320987654321,28,25
QAQV_2012_RE,1,5,2012,81,3,0.037037037037037,2,1
QCSCLF_2004_SD,2,2,2004,64,61,0.953125,33,28
QCSCLF_2004_ED,2,3,2004,64,31,0.484375,19,12
QCSCLF_2004_MT,2,4,2004,64,41,0.640625,20,21
QCSCLF_2004_RE,2,5,2004,64,11,0.171875,7,4
QCSCLF_2005_SD,2,2,2005,64,48,0.75,25,23
QCSCLF_2005_ED,2,3,2005,64,24,0.375,13,11
QCSCLF_2005_MT,2,4,2005,64,33,0.515625,16,17
QCSCLF_2005_RE,2,5,2005,64,8,0.125,3,5
QCSCLF_2006_SD,2,2,2006,53,46,0.867924528301887,21,25
QCSCLF_2006_ED,2,3,2006,53,21,0.39622641509434,9,12
QCSCLF_2006_MT,2,4,2006,53,30,0.566037735849057,13,17
QCSCLF_2006_RE,2,5,2006,53,6,0.113207547169811,2,4
QCSCLF_2007_SD,2,2,2007,54,54,1.0,21,33
QCSCLF_2007_ED,2,3,2007,54,39,0.722222222222222,16,23
QCSCLF_2007_MT,2,4,2007,54,47,0.87037037037037,18,29
QCSCLF_2007_RE,2,5,2007,54,6,0.111111111111111,2,4
QCSCLF_2008_SD,2,2,2008,47,46,0.978723404255319,27,19
QCSCLF_2008_ED,2,3,2008,47,28,0.595744680851064,16,12
QCSCLF_2008_MT,2,4,2008,47,36,0.765957446808511,20,16
QCSCLF_2008_RE,2,5,2008,47,5,0.106382978723404,3,2
QCSCLF_2009_SD,2,2,2009,48,47,0.979166666666667,21,26
QCSCLF_2009_ED,2,3,2009,48,29,0.604166666666667,16,13
QCSCLF_2009_MT,2,4,2009,48,27,0.5625,14,13
QCSCLF_2009_RE,2,5,2009,48,11,0.229166666666667,3,8
QCSCLF_2010_SD,2,2,2010,43,39,0.906976744186046,21,18
QCSCLF_2010_ED,2,3,2010,43,27,0.627906976744186,15,12
QCSCLF_2010_MT,2,4,2010,43,33,0.767441860465116,16,17
QCSCLF_2010_RE,2,5,2010,43,1,0.0232558139534884,0,1
QCSCLF_2011_SD,2,2,2011,39,35,0.897435897435897,17,18
QCSCLF_2011_ED,2,3,2011,39,25,0.641025641025641,12,13
QCSCLF_2011_MT,2,4,2011,39,29,0.743589743589744,14,15
QCSCLF_2011_RE,2,5,2011,39,3,0.0769230769230769,2,1
QCSCLF_2012_SD,2,2,2012,31,26,0.838709677419355,13,13
QCSCLF_2012_ED,2,3,2012,31,18,0.580645161290323,10,8
QCSCLF_2012_MT,2,4,2012,31,19,0.612903225806452,10,9
QCSCLF_2012_RE,2,5,2012,31,5,0.161290322580645,2,3
QESN_2007_SD,3,2,2007,258,196,0.75968992248062,113,83
QESN_2007_ED,3,3,2007,258,172,0.666666666666667,104,68
QESN_2007_MT,3,4,2007,258,147,0.569767441860465,85,62
QESN_2007_RE,3,5,2007,258,9,0.0348837209302326,7,2
QESN_2009_SD,3,2,2009,247,224,0.906882591093117,118,106
QESN_2009_ED,3,3,2009,247,165,0.668016194331984,90,75
QESN_2009_MT,3,4,2009,247,171,0.692307692307692,85,86
QESN_2009_RE,3,5,2009,247,11,0.0445344129554656,4,7
QESN_2010_SD,3,2,2010,259,258,0.996138996138996,136,102
QESN_2010_ED,3,3,2010,259,178,0.687258687258687,104,74
QESN_2010_MT,3,4,2010,259,174,0.671814671814672,100,74
QESN_2010_RE,3,5,2010,259,17,0.0656370656370656,8,9
QESN_2011_SD,3,2,2011,220,190,0.863636363636364,104,86
QESN_2011_ED,3,3,2011,220,142,0.645454545454546,85,57
QESN_2011_MT,3,4,2011,220,147,0.668181818181818,77,70
QESN_2011_RE,3,5,2011,220,5,0.0227272727272727,2,3
QESN_2012_SD,3,2,2012,247,222,0.898785425101215,103,119
QESN_2012_ED,3,3,2012,247,164,0.663967611336032,87,77
QESN_2012_MT,3,4,2012,247,175,0.708502024291498,78,97
QESN_2012_RE,3,5,2012,247,4,0.0161943319838057,3,1
QPLM_2004_SD,4,2,2004,164,145,0.884146341463415,85,60
QPLM_2004_ED,4,3,2004,164,88,0.536585365853659,56,32
QPLM_2004_MT,4,4,2004,164,85,0.518292682926829,49,36
QPLM_2004_RE,4,5,2004,164,15,0.0914634146341463,6,9
QPLM_2005_SD,4,2,2005,146,124,0.849315068493151,65,59
QPLM_2005_ED,4,3,2005,146,71,0.486301369863014,40,31
QPLM_2005_MT,4,4,2005,146,75,0.513698630136986,40,35
QPLM_2005_RE,4,5,2005,146,11,0.0753424657534247,6,5
QPLM_2006_SD,4,2,2006,151,146,0.966887417218543,78,68
QPLM_2006_ED,4,3,2006,151,66,0.437086092715232,28,38
QPLM_2006_MT,4,4,2006,151,62,0.410596026490066,28,34
QPLM_2006_RE,4,5,2006,151,13,0.0860927152317881,2,11
QPLM_2007_SD,4,2,2007,156,148,0.948717948717949,74,68
QPLM_2007_ED,4,3,2007,156,98,0.628205128205128,59,39
QPLM_2007_MT,4,4,2007,156,92,0.58974358974359,54,38
QPLM_2007_RE,4,5,2007,156,20,0.128205128205128,4,16
QPLM_2008_SD,4,2,2008,147,137,0.931972789115646,79,58
QPLM_2008_ED,4,3,2008,147,94,0.639455782312925,59,35
QPLM_2008_MT,4,4,2008,147,79,0.537414965986395,57,41
QPLM_2008_RE,4,5,2008,147,13,0.0884353741496599,7,6
QPLM_2009_SD,4,2,2009,148,140,0.945945945945946,68,69
QPLM_2009_ED,4,3,2009,148,89,0.601351351351351,45,44
QPLM_2009_MT,4,4,2009,148,93,0.628378378378378,54,39
QPLM_2009_RE,4,5,2009,148,27,0.182432432432432,8,19
QPLM_2010_SD,4,2,2010,159,151,0.949685534591195,68,83
QPLM_2010_ED,4,3,2010,159,105,0.660377358490566,50,55
QPLM_2010_MT,4,4,2010,159,107,0.672955974842767,48,59
QPLM_2010_RE,4,5,2010,159,19,0.119496855345912,7,12
QPLM_2011_SD,4,2,2011,143,119,0.832167832167832,57,62
QPLM_2011_ED,4,3,2011,143,83,0.58041958041958,44,39
QPLM_2011_MT,4,4,2011,143,80,0.559440559440559,39,41
QPLM_2011_RE,4,5,2011,143,13,0.0909090909090909,6,7
QPLM_2012_SD,4,2,2012,151,137,0.907284768211921,66,71
QPLM_2012_ED,4,3,2012,151,103,0.682119205298013,55,48
QPLM_2012_MT,4,4,2012,151,102,0.675496688741722,50,52
QPLM_2012_RE,4,5,2012,151,12,0.0794701986754967,4,8
QPME_2004_SD,5,2,2004,156,144,0.923076923076923,81,63
QPME_2004_ED,5,3,2004,156,97,0.621794871794872,60,37
QPME_2004_MT,5,4,2004,156,96,0.615384615384615,53,43
QPME_2004_RE,5,5,2004,156,21,0.134615384615385,8,13
QPME_2005_SD,5,2,2005,168,135,0.803571428571429,73,62
QPME_2005_ED,5,3,2005,168,65,0.386904761904762,39,26
QPME_2005_MT,5,4,2005,168,75,0.446428571428572,33,42
QPME_2005_RE,5,5,2005,168,7,0.0416666666666667,4,3
QPME_2006_SD,5,2,2006,172,152,0.883720930232558,71,81
QPME_2006_ED,5,3,2006,172,67,0.38953488372093,28,39
QPME_2006_MT,5,4,2006,172,81,0.470930232558139,27,54
QPME_2006_RE,5,5,2006,172,15,0.0872093023255814,5,10
QPME_2007_SD,5,2,2007,131,116,0.885496183206107,59,56
QPME_2007_ED,5,3,2007,131,83,0.633587786259542,46,37
QPME_2007_MT,5,4,2007,131,62,0.473282442748092,33,29
QPME_2007_RE,5,5,2007,131,32,0.244274809160305,11,21
QPME_2008_SD,5,2,2008,138,129,0.934782608695652,83,46
QPME_2008_ED,5,3,2008,138,91,0.659420289855073,64,27
QPME_2008_MT,5,4,2008,138,79,0.572463768115942,50,29
QPME_2008_RE,5,5,2008,138,29,0.210144927536232,15,14
QPME_2009_SD,5,2,2009,156,143,0.916666666666667,74,69
QPME_2009_ED,5,3,2009,156,106,0.67948717948718,58,48
QPME_2009_MT,5,4,2009,156,97,0.621794871794872,52,45
QPME_2009_RE,5,5,2009,156,14,0.0897435897435897,5,9
QPME_2010_SD,5,2,2010,143,129,0.902097902097902,64,65
QPME_2010_ED,5,3,2010,143,107,0.748251748251748,53,54
QPME_2010_MT,5,4,2010,143,101,0.706293706293706,48,53
QPME_2010_RE,5,5,2010,143,9,0.0629370629370629,4,5
QPME_2011_SD,5,2,2011,136,125,0.919117647058823,69,56
QPME_2011_ED,5,3,2011,136,94,0.691176470588235,56,38
QPME_2011_MT,5,4,2011,136,87,0.639705882352941,48,39
QPME_2011_RE,5,5,2011,136,20,0.147058823529412,9,11
QPME_2012_SD,5,2,2012,144,118,0.819444444444444,61,57
QPME_2012_ED,5,3,2012,144,88,0.611111111111111,50,38
QPME_2012_MT,5,4,2012,144,76,0.527777777777778,44,32
QPME_2012_RE,5,5,2012,144,18,0.125,3,15
QPRP_2007_SD,6,2,2007,100,99,0.99,62,37
QPRP_2007_ED,6,3,2007,100,86,0.86,56,30
QPRP_2007_MT,6,4,2007,100,82,0.82,52,30
QPRP_2007_RE,6,5,2007,100,6,0.06,3,3
QPRP_2009_SD,6,2,2009,118,97,0.822033898305085,51,46
QPRP_2009_ED,6,3,2009,118,79,0.669491525423729,41,38
QPRP_2009_MT,6,4,2009,118,70,0.593220338983051,37,33
QPRP_2009_RE,6,5,2009,118,7,0.0593220338983051,4,3
QPRP_2010_SD,6,2,2010,133,107,0.804511278195489,57,50
QPRP_2010_ED,6,3,2010,133,86,0.646616541353383,52,34
QPRP_2010_MT,6,4,2010,133,79,0.593984962406015,43,36
QPRP_2010_RE,6,5,2010,133,12,0.0902255639097744,6,6
QPRP_2011_SD,6,2,2011,102,94,0.92156862745098,48,46
QPRP_2011_ED,6,3,2011,102,66,0.647058823529412,35,31
QPRP_2011_MT,6,4,2011,102,65,0.637254901960784,31,34
QPRP_2011_RE,6,5,2011,102,7,0.0686274509803922,4,3
QPRP_2012_SD,6,2,2012,80,70,0.875,32,38
QPRP_2012_ED,6,3,2012,80,56,0.7,30,26
QPRP_2012_MT,6,4,2012,80,54,0.675,26,28
QPRP_2012_RE,6,5,2012,80,3,0.0375,1,2
QWAL_2004_SD,7,2,2004,192,182,0.947916666666667,94,88
QWAL_2004_ED,7,3,2004,192,126,0.65625,64,62
QWAL_2004_MT,7,4,2004,192,124,0.645833333333333,60,64
QWAL_2004_RE,7,5,2004,192,26,0.135416666666667,12,14
QWAL_2005_SD,7,2,2005,234,199,0.85042735042735,104,95
QWAL_2005_ED,7,3,2005,234,115,0.491452991452991,62,53
QWAL_2005_MT,7,4,2005,234,111,0.474358974358974,52,59
QWAL_2005_RE,7,5,2005,234,22,0.094017094017094,12,10
QWAL_2006_SD,7,2,2006,200,179,0.895,92,87
QWAL_2006_ED,7,3,2006,200,84,0.42,50,34
QWAL_2006_MT,7,4,2006,200,92,0.46,46,46
QWAL_2006_RE,7,5,2006,200,16,0.08,5,11
QWAL_2007_SD,7,2,2007,188,170,0.904255319148936,106,64
QWAL_2007_ED,7,3,2007,188,122,0.648936170212766,81,41
QWAL_2007_MT,7,4,2007,188,112,0.595744680851064,70,42
QWAL_2007_RE,7,5,2007,188,20,0.106382978723404,11,9
QWAL_2008_SD,7,2,2008,186,183,0.983870967741935,84,88
QWAL_2008_ED,7,3,2008,186,119,0.639784946236559,61,58
QWAL_2008_MT,7,4,2008,186,116,0.623655913978495,53,63
QWAL_2008_RE,7,5,2008,186,9,0.0483870967741935,3,6
QWAL_2009_SD,7,2,2009,242,225,0.929752066115702,116,109
QWAL_2009_ED,7,3,2009,242,147,0.607438016528926,76,71
QWAL_2009_MT,7,4,2009,242,153,0.632231404958678,77,76
QWAL_2009_RE,7,5,2009,242,25,0.103305785123967,9,16
QWAL_2010_SD,7,2,2010,196,175,0.892857142857143,77,98
QWAL_2010_ED,7,3,2010,196,119,0.607142857142857,53,66
QWAL_2010_MT,7,4,2010,196,127,0.647959183673469,57,70
QWAL_2010_RE,7,5,2010,196,18,0.0918367346938776,0,18
QWAL_2011_SD,7,2,2011,201,181,0.900497512437811,84,97
QWAL_2011_ED,7,3,2011,201,117,0.582089552238806,63,54
QWAL_2011_MT,7,4,2011,201,112,0.557213930348259,56,56
QWAL_2011_RE,7,5,2011,201,23,0.114427860696517,5,18
QWAL_2012_SD,7,2,2012,198,162,0.818181818181818,74,88
QWAL_2012_ED,7,3,2012,198,123,0.621212121212121,62,61
QWAL_2012_MT,7,4,2012,198,125,0.631313131313131,61,64
QWAL_2012_RE,7,5,2012,198,5,0.0252525252525252,0,5
